Titles,w,HOMO,SD_F_AB_nCi_2_NS2_X_KA_e_MAS,N3_B_AB_nCi_2_NS5_C_NSRW_c-p_MAS,N3_B_AB_nCi_2_SS8_X_LGP[4-6]_a-p_MAS,N3_B_AB_nCi_2_NS8_H_T_KA_e-c_MAS,N3_B_AB_nCi_2_NS3_C_NSRW_a-c_MAS,MN_F_AB_nCi_2_SS8_T_KA_r_MAS,S_B_AB_nCi_2_NS6_T_NSRW_a-c_MAS,MN_B_AB_nCi_2_SS6_T_SRW_a-r_MAS,P3_F_AB_nCi_2_NS3_C_LGP[1-3]_r_MAS,MX_B_AB_nCi_2_SS3_C_KA_c-p_MAS,N2_B_AB_nCi_2_NS3_C_NSRW_a-c_MAS,HM_F_AB_nCi_2_SS1_X_LGP[1;2;6]_r_MAS,E
A_100_00001_D:\Sebastian_2017\otros\san_pancho\Jose_mora\nuevo_proyecto\Electrof,0.097577327,-0.41640641,12.1101842,0,0.168526693,2931.528799,0,0.967149659,-0.820895512,-0.66038955,0,0,0,0.429362371,-12.33
A_102_00001_D:\Sebastian_2017\otros\san_pancho\Jose_mora\nuevo_proyecto\Electrof,0.083503668,-0.378113631,6.353556834,744.6475147,0.88704707,2908.529496,-1.824228158,2.476155245,1.339525993,-0.476430194,109.3059748,0.633040876,2.352731991,1.289848034,-12.28
A_103_00001_D:\Sebastian_2017\otros\san_pancho\Jose_mora\nuevo_proyecto\Electrof,0.064416214,-0.341401073,3.875980344,667.3281546,-1.787710768,-3026.062491,-0.755743839,2.114398946,-0.507551991,-0.426536747,105.7462781,0.423802643,1.121065916,1.166503321,-14.5
A_105_00001_D:\Sebastian_2017\otros\san_pancho\Jose_mora\nuevo_proyecto\Electrof,0.073984551,-0.347721954,9.469630685,667.5703656,-1.789544713,-3588.979583,-0.75430839,1.175866975,-0.537145959,-0.426536747,105.7337257,0.42397427,1.114577344,0.417671646,-14.36
A_106_00001_D:\Sebastian_2017\otros\san_pancho\Jose_mora\nuevo_proyecto\Electrof,0.061119385,-0.305019258,4.669945788,766.2496034,-0.795730271,-2624.181498,-1.079909972,2.11594665,1.744968476,-0.401572629,98.49825807,1.071629341,1.754872559,0.926994427,-17.18
A_107_00001_D:\Sebastian_2017\otros\san_pancho\Jose_mora\nuevo_proyecto\Electrof,0.062927485,-0.313508348,4.536821976,764.8369509,-0.795915043,-1633.554692,-1.177961166,2.116119838,2.081334928,-0.401572629,100.1083903,1.070588904,1.592902394,0.903331128,-16.38
A_109_00001_D:\Sebastian_2017\otros\san_pancho\Jose_mora\nuevo_proyecto\Electrof,0.067553999,-0.31710978,3.640559847,769.9545479,-0.142929764,-3890.138231,0.191312489,2.354887487,-2.775175964,-0.324048667,100.7851331,0.487774757,0.305649629,1.1561375,-11.87
A_110_00001_D:\Sebastian_2017\otros\san_pancho\Jose_mora\nuevo_proyecto\Electrof,0.063280999,-0.344782009,12.72635507,807.2341351,-0.621583855,9427.818453,-2.307469844,1.891203068,1.338411283,-1.083975819,67.59583723,0.931309292,2.994704068,1.425086586,-14.55
A_111_00001_D:\Sebastian_2017\otros\san_pancho\Jose_mora\nuevo_proyecto\Electrof,0.066516358,-0.349853413,12.71357692,956.4329031,-0.492579153,14260.00118,0.848709741,2.226028065,-1.60202006,-0.740304281,66.70190622,0.999979636,1.325778654,1.235537051,-13.02
A_115_00001_D:\Sebastian_2017\otros\san_pancho\Jose_mora\nuevo_proyecto\Electrof,0.058344128,-0.354483826,5.577439851,674.1641663,-0.132384909,-730.6280472,0.212543504,2.297670431,-2.65500686,-0.317184617,76.68385118,0.789220727,0.36589933,1.1561375,-10.11
A_116_00001_D:\Sebastian_2017\otros\san_pancho\Jose_mora\nuevo_proyecto\Electrof,0.069872305,-0.370653522,12.61695702,951.1416489,-0.522056636,14078.67601,0.802486565,2.250472352,-1.472526589,-0.740304281,70.41246374,0.994796911,1.23764691,1.444632566,-11.78
A_124_00001_D:\Sebastian_2017\otros\san_pancho\Jose_mora\nuevo_proyecto\Electrof,0.066251426,-0.369514293,13.03589318,285.812777,-0.197733853,8190.442918,-2.031403143,1.534421153,2.473525363,-1.485167576,53.06707563,0.514833548,2.07424853,1.877009653,-16.63
A_128_00001_D:\Sebastian_2017\otros\san_pancho\Jose_mora\nuevo_proyecto\Electrof,0.113222867,-0.411004262,10.85118282,0,-0.182490222,5004.029366,0,1.072877084,-0.976958043,-0.312273826,0,0,0,0.476473314,-4.67
A_130_00001_D:\Sebastian_2017\otros\san_pancho\Jose_mora\nuevo_proyecto\Electrof,0.074667923,-0.370984266,11.7715006,222.0818084,0.347117273,-2433.216867,-0.734343929,0.881545422,2.942215069,-0.724133612,42.13101114,0.419004871,0.830480193,0.399216171,-13.37
A_134_00001_D:\Sebastian_2017\otros\san_pancho\Jose_mora\nuevo_proyecto\Electrof,0.066785968,-0.349706416,11.30395177,214.6669836,-0.086538126,-2504.301391,-0.674195077,0.877901474,3.223092554,-0.724133612,38.61406696,0.409488316,0.955526207,0.404896464,-14.7
A_136_00001,0.112663033,-0.379363108,11.48532942,608.9885226,-0.652217481,9909.815794,1.246498061,1.143534656,-2.235242329,-0.931141174,26.68043709,0.656891285,2.025550044,0.604754776,-4.91
A_137_00001_D:\Sebastian_2017\otros\san_pancho\Jose_mora\nuevo_proyecto\Electrof,0.092633836,-0.400420461,12.55990084,215.5301032,-0.090394952,-2674.461268,-0.738226715,0.876597752,2.615200919,-0.724133612,42.13101114,0.410668677,0.834737987,0.302555773,-12.37
A_138_00001,0.096120797,-0.374585698,9.028612525,0,-1.303298261,6497.607822,0,1.034430481,-2.181955049,-0.220841724,0,0,0,0.501473197,-6.15
A_139_00001,0.072311479,-0.362384928,5.262221277,727.2490785,1.169879411,2322.21246,-1.286339125,2.212199163,-0.11533381,-0.431220875,69.8574456,0.884975225,1.534500421,0.941184617,-10.48
A_140_00001,0.07948556,-0.352389116,7.878938597,24.14695912,0.534069704,2744.876935,0.631900238,1.231966468,-2.498963151,-0.28161,3.494169165,0.230316724,0.636750723,0.738334566,-8.37
A_141_00001,0.101705386,-0.363671153,11.02126287,189.752869,0.262225804,5266.544955,0.38937018,1.112322999,-2.617130822,-0.212647985,45.19635255,0.110207098,0.448762975,0.505922376,-7.01
A_142_00001_D:\Sebastian_2017\otros\san_pancho\Jose_mora\nuevo_proyecto\Electrof,0.091417645,-0.38722746,12.07359007,0,-0.13568363,2179.929658,0,1.092538136,-0.703386581,-0.332795384,0,0,0,0.597118502,-9.05
A_152_00001_D:\Sebastian_2017\otros\san_pancho\Jose_mora\nuevo_proyecto\Electrof,0.042739686,-0.34739121,7.929821877,169.8528813,0,-2440.702685,0.792202893,2.180272451,0.221125056,-0.909830841,48.27901066,0.44852988,1.852508853,1.149369222,-23.54
A_153_00001_D:\Sebastian_2017\otros\san_pancho\Jose_mora\nuevo_proyecto\Electrof,0.068109424,-0.365692365,8.2334304,568.3980129,0.260548848,2270.688091,-1.980977526,1.907885711,0.599254518,-0.74977616,32.73696188,0.477036726,2.236541653,1.322861927,-11.86
A_154_00001_D:\Sebastian_2017\otros\san_pancho\Jose_mora\nuevo_proyecto\Electrof,0.086789109,-0.369220299,13.76143456,233.0782367,1.81460118,11053.39852,-0.672374848,1.529457361,1.422400306,-0.891790483,17.97522065,0.380538692,1.144311461,1.316270965,-6.06
A_155_00001_D:\Sebastian_2017\otros\san_pancho\Jose_mora\nuevo_proyecto\Electrof,0.078032049,-0.379546854,8.411945516,565.8769076,0.59715127,2400.315658,-0.975603342,1.74519315,-0.33523577,-0.251918233,31.64215866,0.284522686,1.415113457,1.13766329,-11.92
A_156_00001_D:\Sebastian_2017\otros\san_pancho\Jose_mora\nuevo_proyecto\Electrof,0.084336241,-0.374548949,12.08407863,588.1518777,1.30671158,9270.145049,-0.53903098,1.606410867,0.46738498,-0.879250115,25.71244936,0.339280898,1.174205051,1.237006734,-6.48
A_162_00001_D:\Sebastian_2017\otros\san_pancho\Jose_mora\nuevo_proyecto\Electrof,0.066131555,-0.369808288,9.21903617,374.5994095,-0.011161619,1313.420192,-1.338247901,2.078591416,-2.22237185,-0.510826243,71.00299159,0.393109738,2.283442896,1.216505836,-14.07
A_163_00001_D:\Sebastian_2017\otros\san_pancho\Jose_mora\nuevo_proyecto\Electrof,0.071464792,-0.344635012,6.681031315,141.1945698,0.224275119,-2075.218948,-1.121155972,2.228311872,-1.847593224,-0.365003437,16.04740714,0.282117859,1.449006264,0.963457445,-23.32
A_164_00001_D:\Sebastian_2017\otros\san_pancho\Jose_mora\nuevo_proyecto\Electrof,0.078454194,-0.370837268,11.96421764,173.0944992,1.367588861,-3929.949961,-0.818490179,1.56415999,-1.128392969,-0.996155675,14.49685239,0.321392376,1.231019012,1.195875847,-13.44
A_170_00001_D:\Sebastian_2017\otros\san_pancho\Jose_mora\nuevo_proyecto\Electrof,0.061616409,-0.381715064,15.15969049,599.2296862,-0.451175988,12645.70039,-1.595932421,1.578432394,1.448786149,-0.956033084,23.20413109,0.211885183,1.651380999,1.541344631,-7.69
A_173_00001_D:\Sebastian_2017\otros\san_pancho\Jose_mora\nuevo_proyecto\Electrof,0.072975527,-0.328171322,4.320043314,826.4783403,1.445856153,-1571.629242,-0.794859746,2.237460011,0.29164528,-0.404808002,109.5327746,0.891720726,1.335263269,1.175040033,-8.63
A_174_00001_D:\Sebastian_2017\otros\san_pancho\Jose_mora\nuevo_proyecto\Electrof,0.066079735,-0.311964877,3.823189591,771.0432781,-0.148655874,-3526.259045,0.468916968,2.235662225,-2.684836437,-0.324048667,96.75021406,0.488487384,0.557735956,0.959266501,-12.18
A_177_00001_D:\Sebastian_2017\otros\san_pancho\Jose_mora\nuevo_proyecto\Electrof,0.05856389,-0.315235565,4.062699841,667.3396768,-1.789307354,-3631.488228,-0.692646511,2.184594846,-0.871813807,-0.426536747,101.1315462,0.423808416,1.207131641,0.959266501,-16.11
A_179_00001_D:\Sebastian_2017\otros\san_pancho\Jose_mora\nuevo_proyecto\Electrof,0.060757238,-0.342540301,9.37027875,670.2818046,-0.38870876,3457.364832,-1.338892935,1.665844304,-0.824432481,-0.453210531,67.79450848,1.281900719,3.02621533,1.122598552,-10.37
A_181_00001_D:\Sebastian_2017\otros\san_pancho\Jose_mora\nuevo_proyecto\Electrof,0.053266051,-0.369293797,5.244364705,136.3358425,-0.055184803,-1931.574943,0.138163538,2.258239824,-0.097568328,-0.302456898,20.25542814,0.13873233,0.224641236,1.245233333,-12.9
A_184_00001_D:\Sebastian_2017\otros\san_pancho\Jose_mora\nuevo_proyecto\Electrof,0.067916144,-0.364332641,10.79922101,595.9100213,0.104144577,-6640.23614,0.47809838,2.991965175,-2.82572305,-0.330663638,96.12549832,0.893540463,0.688601859,1.3809,-9.42
A_192_00001,0.117259125,-0.409644538,11.28959695,0,-0.121072847,4920.535745,0,1.122291719,-1.524835671,-0.209353123,0,0,0,0.450464791,-5.46
A_196_00001_D:\Sebastian_2017\otros\san_pancho\Jose_mora\nuevo_proyecto\Electrof,0.050039585,-0.39409958,6.961563617,103.6923786,0,-1798.97132,-1.672835333,2.289415972,0.022049322,-1.078799426,55.99911409,0.253505915,1.789776433,1.1561375,-16.76
A_197_00001_D:\Sebastian_2017\otros\san_pancho\Jose_mora\nuevo_proyecto\Electrof,0.057836501,-0.348750934,9.2093607,120.5149313,0.024473301,-7638.089285,-0.894335691,3.236156834,2.062913067,-0.474372345,73.20866391,0.396763645,1.010462361,1.3809,-24.6
A_199_00001_D:\Sebastian_2017\otros\san_pancho\Jose_mora\nuevo_proyecto\Electrof,0.038119273,-0.387558204,6.961563617,73.29757783,0,-1403.077843,-1.614489257,2.047513288,0.056857444,-0.88396176,41.95021341,0.245488648,1.823168118,1.1561375,-17.5
A_2_00001_D:\Sebastian_2017\otros\san_pancho\Jose_mora\nuevo_proyecto\Electrofil,0.0701555,-0.363818151,6.14248253,152.6277963,0.304591999,-2156.854209,-1.189102313,1.984106782,-2.752522554,-0.400949818,25.36776107,0.356522372,1.719809365,0.864966893,-13.77
A_200_00001_D:\Sebastian_2017\otros\san_pancho\Jose_mora\nuevo_proyecto\Electrof,0.037560891,-0.386271978,5.913505351,85.77021194,-0.483941439,-1424.983882,-1.386425974,2.021096861,0.992533871,-0.72455882,36.82225668,0.283189286,1.604647891,1.1561375,-22.1
A_201_00001_D:\Sebastian_2017\otros\san_pancho\Jose_mora\nuevo_proyecto\Electrof,0.037563762,-0.385022501,6.199887425,81.88138731,-0.412352094,-1431.38494,-1.398656143,1.877459694,0.55662519,-0.742623701,38.09256224,0.271355887,1.617025509,1.1561375,-19.9
A_202_00001_D:\Sebastian_2017\otros\san_pancho\Jose_mora\nuevo_proyecto\Electrof,0.038205414,-0.389542666,6.538040991,75.92080856,0,-1281.166009,-1.467466436,2.218359767,0.854221134,-0.712872387,39.66941512,0.269500264,1.672549619,1.1561375,-21
A_205_00001,0.057995546,-0.375357433,11.32675597,458.4234769,-2.267410329,1198.575458,-2.514351904,1.752264614,0.212362563,-0.690583305,28.04864293,0.226279603,3.658987114,0.874271828,-12.23
A_214_00001_D:\Sebastian_2017\otros\san_pancho\Jose_mora\nuevo_proyecto\Electrof,0.048875958,-0.307187467,7.003111417,685.869864,-1.086989968,3408.326302,-0.995419202,1.399796534,-2.527806039,-0.509498489,60.01189094,1.519587363,1.926748045,0.829342404,-23.8
A_215_00001_D:\Sebastian_2017\otros\san_pancho\Jose_mora\nuevo_proyecto\Electrof,0.050041648,-0.353932587,7.704082565,522.0932605,-1.80287672,2895.231234,-2.268677787,1.339101128,-0.441349076,-0.419436185,42.67888234,1.351953844,2.605810295,1.138750932,-18.98
A_216_00001_D:\Sebastian_2017\otros\san_pancho\Jose_mora\nuevo_proyecto\Electrof,0.050943333,-0.317293526,7.210540234,664.3140706,-1.082218497,3526.762563,-0.87693542,1.402812241,-2.346551316,-0.509498489,62.89432285,1.482993837,1.868849261,0.919441273,-23.1
A_217_00001_D:\Sebastian_2017\otros\san_pancho\Jose_mora\nuevo_proyecto\Electrof,0.066252383,-0.37234399,8.686051918,666.1655732,-1.079166496,-5508.989729,-1.025032016,1.402435811,-2.01968351,-0.509498489,66.45518994,1.480109182,1.718784889,0.975666167,-18.06
A_218_00001_D:\Sebastian_2017\otros\san_pancho\Jose_mora\nuevo_proyecto\Electrof,0.053892402,-0.340666086,7.211175555,660.7834356,-1.08080486,3965.58643,-1.014956691,1.402897504,-2.213336636,-0.509498489,63.91358928,1.477337026,1.716229695,0.895510646,-21.47
A_219_00001_D:\Sebastian_2017\otros\san_pancho\Jose_mora\nuevo_proyecto\Electrof,0.055079943,-0.3505884,7.382863394,660.2879712,-1.08080092,3294.422518,-1.045159472,1.402975251,-2.167317603,-0.509498489,65.05459594,1.475830013,1.654495062,0.908979706,-21.11
A_220_00001_D:\Sebastian_2017\otros\san_pancho\Jose_mora\nuevo_proyecto\Electrof,0.076790535,-0.393621839,10.15407753,661.8532378,-1.078867354,4190.059943,-1.045325152,1.174037142,-1.996486944,-0.509498489,67.46870164,1.479069966,1.652419487,0.559792093,-17.67
A_221_00001_D:\Sebastian_2017\otros\san_pancho\Jose_mora\nuevo_proyecto\Electrof,0.057399783,-0.378076882,11.03001344,363.6837512,-1.941881118,1328.781339,-1.750786935,1.220433893,-0.09116202,-0.614255188,23.02229492,0.16397449,2.710444712,1.056485183,-10.15
A_223_00001_D:\Sebastian_2017\otros\san_pancho\Jose_mora\nuevo_proyecto\Electrof,0.0660998,-0.415671424,8.038011966,386.0366789,-0.888886765,1500.258149,-1.70625911,1.492169769,-1.364434784,-0.614255188,57.60913848,0.473680774,2.44053487,0.908979706,-17.79
A_227_00001_D:\Sebastian_2017\otros\san_pancho\Jose_mora\nuevo_proyecto\Electrof,0.062492228,-0.307775456,3.966207376,771.9071134,-0.143196589,-3905.478282,0.779996592,2.34684871,-2.763476513,-0.39932,95.54467859,0.489060578,0.925959146,1.003306563,-13.39
A_228_00001_D:\Sebastian_2017\otros\san_pancho\Jose_mora\nuevo_proyecto\Electrof,0.069318761,-0.322842672,8.774455183,694.6536299,0.963620846,-2666.808637,1.267789525,2.240574202,-0.741665934,-0.453210531,69.7456715,1.292075577,2.671767224,1.195166696,-10.73
A_229_00001_D:\Sebastian_2017\otros\san_pancho\Jose_mora\nuevo_proyecto\Electrof,0.053678159,-0.307077219,4.209147178,668.1243134,-1.789931614,-4028.880835,0.3385038,2.184420485,-1.108510601,-0.426536747,99.76866739,0.424351111,1.415732016,1.003306563,-17.29
A_230_00001_D:\Sebastian_2017\otros\san_pancho\Jose_mora\nuevo_proyecto\Electrof,0.056585496,-0.318065262,9.323778583,673.1252151,-0.383276113,2615.66825,-1.265989849,1.665655578,-0.943088644,-0.453210531,66.71132605,1.286323835,3.115396332,1.133769844,-12.76
A_231_00001_D:\Sebastian_2017\otros\san_pancho\Jose_mora\nuevo_proyecto\Electrof,0.060358825,-0.430371148,14.90845546,196.5095514,0,8155.449038,-2.014960554,1.439794365,0.741050545,-1.686683534,42.95140941,0.408407371,2.064508483,1.877009653,-12.09
A_232_00001_D:\Sebastian_2017\otros\san_pancho\Jose_mora\nuevo_proyecto\Electrof,0.055012807,-0.376276166,12.98695269,182.2730383,-0.216083062,-6181.978268,-1.336784312,2.348278586,1.706518301,-1.020579671,42.28851885,0.366292802,1.368721926,1.192305596,-18.36
A_233_00001_D:\Sebastian_2017\otros\san_pancho\Jose_mora\nuevo_proyecto\Electrof,0.049173415,-0.38616173,7.838040253,249.5051067,-1.068386434,-2225.693658,-1.329353412,1.494831482,-0.099971268,-0.784768623,55.89900702,0.452484631,1.814041281,0.908979706,-23.59
A_235_00001_D:\Sebastian_2017\otros\san_pancho\Jose_mora\nuevo_proyecto\Electrof,0.055385994,-0.347758703,6.790623285,308.3622087,-0.639905459,-3188.76941,-1.347630318,1.514917514,0.361522219,-0.614255188,54.59245498,0.586774795,1.7316311,0.908979706,-24.52
A_240_00001_D:\Sebastian_2017\otros\san_pancho\Jose_mora\nuevo_proyecto\Electrof,0.056662543,-0.309980414,7.617499312,734.8184381,-0.859771304,4518.24058,-2.776136388,1.617814517,-1.437721965,-0.484636437,61.16685268,1.361149789,3.301346633,0.886056782,-13.97
A_242_00001_D:\Sebastian_2017\otros\san_pancho\Jose_mora\nuevo_proyecto\Electrof,0.051731082,-0.299543611,4.192095332,673.2279333,-1.794444428,-4196.593327,-0.648856033,2.181293255,-1.237821555,-0.426536747,95.1751428,0.427952413,1.490031711,0.811017227,-17.9
A_243_00001_D:\Sebastian_2017\otros\san_pancho\Jose_mora\nuevo_proyecto\Electrof,0.05078296,-0.302373307,5.350290311,694.0980003,-0.116356662,-1813.013851,0.549163996,2.276411957,-2.482192911,-0.356234716,67.96163691,0.813740745,1.056781451,0.876422785,-14.68
A_245_00001_D:\Sebastian_2017\otros\san_pancho\Jose_mora\nuevo_proyecto\Electrof,0.079433734,-0.430297649,9.076523991,399.7438453,-0.009525083,2652.99104,-1.73301113,1.952831093,-0.678208838,-0.539562822,70.12482287,0.418267849,1.956067475,1.212842626,-11.31
A_249_00001_D:\Sebastian_2017\otros\san_pancho\Jose_mora\nuevo_proyecto\Electrof,0.05200289,-0.406667844,7.998604488,187.0853841,0,-1810.828131,-1.110680767,1.712005932,-0.135632102,-0.99363105,47.83775867,0.506864667,1.553005149,1.055191634,-18.84
A_252_00001_D:\Sebastian_2017\otros\san_pancho\Jose_mora\nuevo_proyecto\Electrof,0.085772916,-0.348162945,5.067400864,1252.984117,1.721276946,5280.781645,-1.454314912,2.562316972,0.670955419,-0.284242381,120.1731507,1.109903104,2.44328289,1.341566679,-12.02
A_254_00001_D:\Sebastian_2017\otros\san_pancho\Jose_mora\nuevo_proyecto\Electrof,0.041057848,-0.39409958,5.681030704,79.01607582,-0.129281474,-1504.741761,-2.335019358,1.48216518,0.714319186,-0.81841855,35.76216103,0.514984178,2.706929469,0.815422462,-17.9
A_255_00001_D:\Sebastian_2017\otros\san_pancho\Jose_mora\nuevo_proyecto\Electrof,0.059661818,-0.320012975,7.83066082,713.1070951,-0.858524217,4580.948029,-2.76258239,1.622094234,-1.260952146,-0.484636437,64.28713785,1.327468099,3.26797017,1.000303394,-12.76
A_256_00001_D:\Sebastian_2017\otros\san_pancho\Jose_mora\nuevo_proyecto\Electrof,0.063836725,-0.331772754,9.975240162,605.8968029,0.113187483,-6393.369687,0.831993649,2.341996538,-3.156928552,-0.39932,86.69461205,0.904039157,1.113693826,1.119352412,-13.3
A_257_00001_D:\Sebastian_2017\otros\san_pancho\Jose_mora\nuevo_proyecto\Electrof,0.063107285,-0.344120521,7.850280763,709.5522235,-0.857551473,4894.726867,-2.7787016,1.622273643,-1.134480745,-0.484636437,65.38371351,1.32224619,3.18319,0.977636226,-10.28
A_258_00001_D:\Sebastian_2017\otros\san_pancho\Jose_mora\nuevo_proyecto\Electrof,0.065374759,-0.34581099,10.13014949,601.4563025,0.101705988,-5979.229025,0.588163865,2.230499046,-2.945151546,-0.3284155,88.70260523,0.899731039,0.834063849,1.09733702,-10.8
A_262_00001_D:\Sebastian_2017\otros\san_pancho\Jose_mora\nuevo_proyecto\Electrof,0.086567022,-0.361613192,5.171770109,1224.636393,1.739445228,5264.875824,-1.446357618,2.603254045,0.787415511,-0.286135598,117.9413913,1.03900105,2.426254801,1.341566679,-12.13
A_263_00001_D:\Sebastian_2017\otros\san_pancho\Jose_mora\nuevo_proyecto\Electrof,0.105486002,-0.423829771,4.865179308,1000.018046,0.481269587,7245.238913,-2.050203885,1.869901142,0.632965152,-0.286135598,106.8382175,0.899462786,2.844981844,1.166503321,-9.37
A_264_00001_D:\Sebastian_2017\otros\san_pancho\Jose_mora\nuevo_proyecto\Electrof,0.105486002,-0.423829771,4.865179308,1000.018046,0.481269587,7245.238913,-2.050203885,1.869901142,0.632965152,-0.286135598,106.8382175,0.899462786,2.844981844,1.166503321,-11.12
A_265_00001_D:\Sebastian_2017\otros\san_pancho\Jose_mora\nuevo_proyecto\Electrof,0.079481161,-0.401339194,7.016728481,413.5183885,-0.075612502,740.7667808,-1.331384286,2.326839337,1.266782708,-0.506985444,100.4639404,0.366455495,1.678041696,1.1561375,-16.19
A_267_00001_D:\Sebastian_2017\otros\san_pancho\Jose_mora\nuevo_proyecto\Electrof,0.038802771,-0.392225366,6.538040991,56.9661233,-0.695463575,-1394.132228,-1.613299694,1.493728697,0.685393018,-1.044792102,32.96143938,0.255256224,1.826464116,1.1561375,-22.3
A_273_00001_D:\Sebastian_2017\otros\san_pancho\Jose_mora\nuevo_proyecto\Electrof,0.049636709,-0.4010452,8.082874529,250.3503498,-1.103010232,-2105.452493,-1.79551815,1.962020424,-1.229130567,-0.974399481,45.37561079,0.445308216,2.277234084,0.742534088,-20.22
A_276_00001_D:\Sebastian_2017\otros\san_pancho\Jose_mora\nuevo_proyecto\Electrof,0.059452302,-0.319571984,3.846552908,667.2206293,-1.789170259,-4094.763422,-0.753914618,2.184753708,-1.028128733,-0.426536747,102.5893709,0.423733942,1.117140302,1.1561375,-15.83
A_277_00001_D:\Sebastian_2017\otros\san_pancho\Jose_mora\nuevo_proyecto\Electrof,0.070501734,-0.36918355,11.64250004,210.6684966,-0.08224904,-2912.711037,-0.72900148,0.876465944,3.151284481,-0.726366869,42.13101114,0.404067584,0.824604258,0.289730101,-13.85
A_280_00001_D:\Sebastian_2017\otros\san_pancho\Jose_mora\nuevo_proyecto\Electrof,0.058121766,-0.372674734,13.12168178,739.6533499,-0.469524498,10254.05445,0.735767038,2.22658793,-2.637623378,-0.844662547,58.81002982,0.949302136,1.228641194,1.444632566,-7.5
A_293_00001_D:\Sebastian_2017\otros\san_pancho\Jose_mora\nuevo_proyecto\Electrof,0.076653029,-0.329714793,9.232275349,668.4751805,-1.813888977,-3797.347185,-0.75424765,1.175600835,-0.539922509,-0.426536747,108.0163145,0.420190336,1.114076443,0.417671646,-16.25
A_294_00001_D:\Sebastian_2017\otros\san_pancho\Jose_mora\nuevo_proyecto\Electrof,0.061954148,-0.313581846,3.774083642,668.1303631,-1.813918608,-4229.295871,-0.754246731,2.196965132,-0.994018514,-0.426536747,108.0163145,0.419980196,1.114024535,1.1561375,-17
A_295_00001_D:\Sebastian_2017\otros\san_pancho\Jose_mora\nuevo_proyecto\Electrof,0.077558957,-0.362164432,5.225769412,734.8762128,-1.717713339,-1057.485169,-1.474428651,1.910089739,-1.469067601,-0.426536747,106.5084837,0.841955629,1.844565329,1.029175844,-11.68
A_296_00001,0.073252071,-0.361098702,6.88,69.76975048,0,792.1172661,0.739972847,3.4986,9,-0.35055972,105.099472,-0.01838469,0.833097141,2.46465,-17.7
A_298_00001_D:\Sebastian_2017\otros\san_pancho\Jose_mora\nuevo_proyecto\Electrof,0.063916109,-0.316926033,3.758749464,668.6722487,-1.809842747,-3710.160768,-0.75424719,2.196801943,-0.764157505,-0.426536747,108.0163145,0.420310637,1.114052922,1.289848034,-16.84
A_299_00001_D:\Sebastian_2017\otros\san_pancho\Jose_mora\nuevo_proyecto\Electrof,0.044757917,-0.336991156,11.78592203,346.4968575,-0.108863097,-3861.913449,-1.545657006,2.001731043,2.368907359,-0.393231881,29.71962824,0.098212574,1.612350832,0.98811986,-15.38
A_300_00001_D:\Sebastian_2017\otros\san_pancho\Jose_mora\nuevo_proyecto\Electrof,0.053012065,-0.325341625,10.38723796,166.3295414,0.221495358,-3106.516736,0.887686088,3.762141036,-2.896808011,-0.393231881,61.86238707,0.045380742,1.204540835,1.171816312,-18.15
A_301_00001_D:\Sebastian_2017\otros\san_pancho\Jose_mora\nuevo_proyecto\Electrof,0.076465285,-0.347979199,13.29006693,171.4411233,0.290560245,-2353.348011,0.887468807,1.180246408,-2.670282721,-0.38784924,61.86238707,0.045568977,1.204236584,0.498474738,-15.89
A_32_00001_D:\Sebastian_2017\otros\san_pancho\Jose_mora\nuevo_proyecto\Electrofi,0.05467542,-0.345149502,4.504165329,325.7473412,-0.100110134,-3249.754956,-0.790192264,2.422766263,0.748320906,-0.390452661,57.31567871,0.33170043,0.855704442,1.1561375,-19.39
A_33_00001_D:\Sebastian_2017\otros\san_pancho\Jose_mora\nuevo_proyecto\Electrofi,0.058282816,-0.358673247,11.09253771,264.7083081,-0.541919822,-6607.463176,-1.350984716,2.392787595,3.254076153,-0.945017324,48.46922208,0.429142717,1.385476179,1.192305596,-24.69
A_36_00001_D:\Sebastian_2017\otros\san_pancho\Jose_mora\nuevo_proyecto\Electrofi,0.06687514,-0.356505038,7.711561934,341.2287779,-0.095472109,-6407.640991,-0.754010397,2.403896504,0.507473793,-0.389064385,57.8120594,0.335025793,0.976161175,1.258562614,-17.64
A_39_00001_D:\Sebastian_2017\otros\san_pancho\Jose_mora\nuevo_proyecto\Electrofi,0.076477699,-0.374548949,10.62707372,233.5229229,-0.063329658,-2452.618466,-0.829305428,1.174976593,0.244569584,-0.582337595,62.37138463,0.390549283,0.961300732,0.417671646,-19.36
A_4_00001_D:\Sebastian_2017\otros\san_pancho\Jose_mora\nuevo_proyecto\Electrofil,0.054622619,-0.347942449,12.12336178,969.8270976,-0.714748996,10992.21304,0.817817832,2.226360417,-1.964031933,-0.793720001,64.54340209,1.043708971,1.30431177,1.235537051,-13.88
A_41_00001_D:\Sebastian_2017\otros\san_pancho\Jose_mora\nuevo_proyecto\Electrofi,0.07626075,-0.374769444,10.80686113,206.3709784,-0.063414175,-2511.271478,-1.069129984,1.174995029,0.614272619,-0.549437166,60.86014562,0.347224699,1.218975349,0.417671646,-19.17
A_42_00001_D:\Sebastian_2017\otros\san_pancho\Jose_mora\nuevo_proyecto\Electrofi,0.054487528,-0.345149502,5.247193536,163.4274429,-0.028417212,-3190.692767,-1.672888434,2.221443113,1.683267549,-0.753003317,60.82034908,0.310875035,1.790076812,1.1561375,-23.01
A_43_00001,0.050229096,-0.318910496,12.35127543,196.4850654,-0.586003144,-5631.363076,0.757559133,2.29303933,1.940002339,-0.945017324,21.10142034,0.123411432,0.966794729,1.217931632,-15.09
A_44_00001,0.053005191,-0.342136059,12.53670943,193.6522844,-0.592136506,-5198.154524,0.399135772,2.228209428,1.993592557,-0.945017324,21.35335329,0.239298785,0.621215928,1.209233488,-13.05
A_46_00001_D:\Sebastian_2017\otros\san_pancho\Jose_mora\nuevo_proyecto\Electrofi,0.046170716,-0.344451265,8.256144655,130.5655842,-0.427363685,-4699.830561,-0.271455275,1.649578801,0.546555863,-0.300950264,26.64281021,0.052976299,0.386815544,0.398369888,-15.89
A_47_00001_D:\Sebastian_2017\otros\san_pancho\Jose_mora\nuevo_proyecto\Electrofi,0.052347419,-0.358673247,9.375908742,340.0947175,-1.982499164,-4122.721284,-2.200821343,1.750143975,0.792609794,-0.690583305,29.87057174,0.208041027,2.89593112,0.879992009,-14.22
A_74_00001,0.110465085,-0.37657016,10.95718493,0,-0.431199635,5793.36113,0,1.071800284,-2.789838614,-0.211092024,0,0,0,0.401075153,-5.06
A_79_00001,0.048478049,-0.326517603,9.333188615,466.1767917,-0.945757405,-2426.303084,-2.225293021,1.239775754,0.744962946,-0.614255188,53.11925635,0.714556991,2.986902068,0.896817379,-13.28
A_80_00001_D:\Sebastian_2017\otros\san_pancho\Jose_mora\nuevo_proyecto\Electrofi,0.049141035,-0.34952267,9.243864714,382.9546894,-1.352139998,-2382.338635,-1.853440617,1.202301059,-0.346437343,-0.639588814,56.63457788,0.678013129,3.151392556,0.976922291,-13.9
A_81_00001,0.056945608,-0.366059858,9.556164459,393.5188758,-0.918601175,-1686.006135,-2.213193069,1.162941259,0.228989328,-0.614255188,56.60036625,0.700042948,2.953480237,0.909444992,-14.91
A_82_00001,0.046521738,-0.322769173,9.212422616,440.8902418,-0.882375068,-3133.416912,-1.841103627,1.266009514,-0.259098452,-0.639588814,54.45719751,0.686984248,2.917666527,0.982376953,-15.38
A_83_00001,0.054105912,-0.353601843,9.206770088,521.7572978,-1.015880075,-1486.299739,-1.653901421,1.182427346,-1.57489163,-0.517522088,70.14224747,0.81150105,2.366833096,0.909444992,-14.9
A_85_00001_D:\Sebastian_2017\otros\san_pancho\Jose_mora\nuevo_proyecto\Electrofi,0.103583968,-0.454221449,12.66536261,0,-0.069296811,4937.502735,0,1.11658649,-1.827272265,-0.1886412,0,0,0,0.316569565,-13.19
A_88_00001_D:\Sebastian_2017\otros\san_pancho\Jose_mora\nuevo_proyecto\Electrofi,0.037734885,-0.384324264,6.035067108,142.3706903,-0.191041369,-665.1558205,-1.95063829,2.012671478,1.039662897,-0.65027072,37.40148265,0.419346568,2.467706737,0.811309211,-18.2
A_93_00001_D:\Sebastian_2017\otros\san_pancho\Jose_mora\nuevo_proyecto\Electrofi,0.034447492,-0.345994736,5.785495796,77.12871036,-0.000793868,-1874.486609,-1.958583142,2.112716879,0.932338933,-0.912292615,36.21364247,0.466756347,2.407116136,0.921310191,-18.4
A_98_00001_D:\Sebastian_2017\otros\san_pancho\Jose_mora\nuevo_proyecto\Electrofi,0.077979912,-0.345847739,3.708331489,1243.814794,2.422990672,4960.960021,-1.28270827,2.426835499,0.342629758,-0.298145431,113.4892661,1.467437165,2.293668917,1.322689247,-6.75
A_99_00001_D:\Sebastian_2017\otros\san_pancho\Jose_mora\nuevo_proyecto\Electrofi,0.105258763,-0.376276166,9.703264474,1359.716803,1.137223226,9662.769776,-1.155979805,2.257018522,1.230401403,-0.262835229,128.9292221,1.00496459,1.917570329,1.318834559,-3.66
15650,0.048425743,-0.372711483,6.199887425,203.3242899,-0.355343007,-2137.39,-1.349392469,2.305613659,1.077152413,-0.6615672,79.23285755,0.332084969,1.46369974,1.1561375,-28.9
14265,0.047237193,-0.36808107,6.199887425,196.4904609,0,-1666.653139,-1.294157997,2.197958123,0.371366197,-0.716129443,81.2307044,0.333564294,1.347553065,1.1561375,-22.1
8452,0.049712896,-0.383699526,6.538040991,164.0047641,0,-1795.807692,-1.39955246,2.281810135,0.365391767,-0.658295053,73.20953985,0.317535633,1.530071653,1.1561375,-20.6
520660,0.054684415,-0.398252252,8.107355735,265.01831,-0.310209708,-1915.480877,-1.586112248,1.837016434,-0.044879753,-0.717267191,62.12016234,0.51748211,1.850985097,0.908979706,-21.8
642754,0.050753737,-0.392372363,7.838040253,298.886172,-0.34976491,-1833.431663,-1.084310329,1.789643489,-0.593135655,-0.82595581,59.38345652,0.598034073,1.371159271,0.908979706,-19.5
18620262,0.05256299,-0.396855779,8.107355735,288.671067,0,-1195.049776,-0.653074124,1.806580616,-1.608197958,-0.819553052,61.14790284,0.538418096,0.744700095,0.908979706,-19.4
10870800,0.065043921,-0.346104984,11.82333818,12.16491925,1.578691759,1516.811259,0.059480626,1.587523853,-1.784159186,-0.862960081,11.49153767,0.062897412,0.063022068,0.623985051,-14.87
126715368,0.063661497,-0.344304268,11.82259591,12.22768071,0.834472534,-4852.471148,0.059480626,1.650919005,-2.065083991,-0.86115094,11.49153767,0.063106541,0.063022068,0.616445526,-14.6
11567,0.048214874,-0.372049996,5.913505351,208.884751,-0.577444313,-2527.376001,-1.164961612,2.323394748,-0.089113511,-0.668555586,75.11630351,0.305274812,1.29021145,1.1561375,-29.6
280305,0.070934497,-0.354520576,11.36930944,12.19346663,-0.635153999,-5230.794708,0.059480626,1.561819551,-2.266712178,-0.860850154,11.49153767,0.062992536,0.063022068,0.456934423,-12.9
10400,0.046840283,-0.382045807,5.913505351,177.4827295,-0.386736965,-2087.000629,-1.282050874,2.297089118,0.522818656,-0.707667182,65.9498917,0.314512025,1.450940589,1.1561375,-22
